Beautiful Soup,Lxml,Regular expressions
0.020054101943969727,0.014562606811523438,0.0025043487548828125
0.04008340835571289,0.018048524856567383,0.005521297454833984
0.05813193321228027,0.021056413650512695,0.008020639419555664
0.07670927047729492,0.026569843292236328,0.010526895523071289
0.09623336791992188,0.030103206634521484,0.013534069061279297
0.11528372764587402,0.033590078353881836,0.01603984832763672
0.1353607177734375,0.03709983825683594,0.019047975540161133
0.15488719940185547,0.04060840606689453,0.021556615829467773
0.17396306991577148,0.043616533279418945,0.0240631103515625
0.1945328712463379,0.047132015228271484,0.027071475982666016
0.21504783630371094,0.05013394355773926,0.029578208923339844
0.2341015338897705,0.053641319274902344,0.03358745574951172
0.25418972969055176,0.05715060234069824,0.036095380783081055
0.27320408821105957,0.060158491134643555,0.03860187530517578
0.2917513847351074,0.06369376182556152,0.041132211685180664
0.310302734375,0.06720304489135742,0.04363894462585449
0.32885313034057617,0.07068896293640137,0.04612231254577637
0.3479011058807373,0.0747227668762207,0.048628807067871094
0.3684577941894531,0.0782315731048584,0.05113387107849121
0.38753676414489746,0.08123946189880371,0.05364203453063965
0.40605783462524414,0.08472442626953125,0.05617713928222656
0.424607515335083,0.08773207664489746,0.0581815242767334
0.44315481185913086,0.09124135971069336,0.060689449310302734
0.4622070789337158,0.09478235244750977,0.06319642066955566
0.4807565212249756,0.09779000282287598,0.06570172309875488
0.49980735778808594,0.10127067565917969,0.06818056106567383
0.5204010009765625,0.10477948188781738,0.07068753242492676
0.5389094352722168,0.10828661918640137,0.07322216033935547
0.5574610233306885,0.11129474639892578,0.0757288932800293
0.5760097503662109,0.11483001708984375,0.07823729515075684
0.5950596332550049,0.11831450462341309,0.08074259757995605
0.6146416664123535,0.12184858322143555,0.08324813842773438
0.6331603527069092,0.12485599517822266,0.08575558662414551
0.652712345123291,0.12836647033691406,0.08826327323913574
0.6722941398620605,0.13137316703796387,0.09076857566833496
0.6928446292877197,0.1353614330291748,0.09374737739562988
0.7123730182647705,0.13886809349060059,0.09625554084777832
0.7309205532073975,0.14240312576293945,0.09876036643981934
0.7499711513519287,0.14541101455688477,0.10126686096191406
0.7695250511169434,0.1488969326019287,0.1037752628326416
0.7880744934082031,0.15242862701416016,0.10630583763122559
0.8066468238830566,0.15594005584716797,0.10878682136535645
0.8256726264953613,0.15944766998291016,0.11079192161560059
0.8457260131835938,0.16243290901184082,0.11380195617675781
0.8707966804504395,0.16594243049621582,0.11580729484558105
0.8903470039367676,0.1689598560333252,0.11831235885620117
0.9114007949829102,0.17245769500732422,0.120819091796875
0.9309935569763184,0.17546534538269043,0.12385392189025879
0.9500036239624023,0.17897486686706543,0.1263587474822998
0.9685547351837158,0.18248701095581055,0.12884235382080078
0.9876329898834229,0.18549418449401855,0.1313490867614746
1.007157325744629,0.18900179862976074,0.13385605812072754
1.0272088050842285,0.19251108169555664,0.13636207580566406
1.0538203716278076,0.19602227210998535,0.13939428329467773
1.0728557109832764,0.1995549201965332,0.1418769359588623
1.0918827056884766,0.20354342460632324,0.14438176155090332
1.110961675643921,0.2080552577972412,0.14688801765441895
1.1305131912231445,0.211564302444458,0.14939475059509277
1.1505370140075684,0.21510624885559082,0.1519014835357666
1.1695895195007324,0.2190868854522705,0.15390706062316895
1.1876375675201416,0.22259116172790527,0.15641379356384277
1.206716775894165,0.22559881210327148,0.1589205265045166
1.2277424335479736,0.22863340377807617,0.16142678260803223
1.247797966003418,0.2321457862854004,0.16393351554870605
1.2663471698760986,0.2361290454864502,0.1659390926361084
1.285426378250122,0.24013996124267578,0.16847705841064453
1.3039748668670654,0.24364924430847168,0.17096638679504395
1.322995662689209,0.24665498733520508,0.17348861694335938
1.342548131942749,0.25018978118896484,0.17596745491027832
1.3616235256195068,0.25467920303344727,0.17847442626953125
1.381152868270874,0.2576863765716553,0.1804795265197754
1.4002032279968262,0.26119351387023926,0.18298625946044922
1.4187507629394531,0.2642018795013428,0.18549299240112305
1.4367988109588623,0.2677130699157715,0.18799948692321777
1.4568521976470947,0.27122998237609863,0.19000482559204102
1.4759330749511719,0.27475643157958984,0.19251155853271484
1.4949665069580078,0.27776503562927246,0.19501829147338867
1.5135352611541748,0.28225016593933105,0.1975250244140625
1.5335562229156494,0.28575921058654785,0.19952821731567383
1.557145357131958,0.28926825523376465,0.20253849029541016
1.5766711235046387,0.2937803268432617,0.20504498481750488
1.5957531929016113,0.2972898483276367,0.2075517177581787
1.6147723197937012,0.30030035972595215,0.20955705642700195
1.6333236694335938,0.3053107261657715,0.21206378936767578
1.6534004211425781,0.308319091796875,0.2145686149597168
1.6724257469177246,0.3118307590484619,0.21657371520996094
1.6909751892089844,0.3149120807647705,0.21908020973205566
1.7100260257720947,0.3183469772338867,0.2215895652770996
1.73008131980896,0.32189011573791504,0.22462058067321777
1.749143123626709,0.3253953456878662,0.2271273136138916
1.7682058811187744,0.328876256942749,0.22963380813598633
1.7872331142425537,0.3319072723388672,0.2321176528930664
1.80631422996521,0.3354158401489258,0.2346515655517578
1.8253331184387207,0.3389003276824951,0.23665690422058105
1.8438823223114014,0.34190845489501953,0.23963713645935059
1.8629629611968994,0.345447301864624,0.2421436309814453
1.8845288753509521,0.34895825386047363,0.24414873123168945
1.9035425186157227,0.3534677028656006,0.24667930603027344
1.923093318939209,0.35697412490844727,0.2491905689239502
1.9421696662902832,0.35998106002807617,0.2516670227050781
1.9612202644348145,0.3634908199310303,0.25467538833618164
1.9802451133728027,0.3670053482055664,0.25718140602111816
1.9993278980255127,0.36998534202575684,0.2596883773803711
2.0188496112823486,0.37349653244018555,0.26219725608825684
2.036895751953125,0.37700414657592773,0.26473140716552734
2.058453321456909,0.38051319122314453,0.2667090892791748
2.077002763748169,0.38352108001708984,0.26921582221984863
2.0960865020751953,0.38703083992004395,0.27172088623046875
2.1161348819732666,0.39003658294677734,0.2737257480621338
2.135160446166992,0.39404797554016113,0.2762324810028076
2.1537086963653564,0.3975827693939209,0.27873921394348145
2.1727590560913086,0.4010908603668213,0.2812459468841553
2.1918342113494873,0.4040987491607666,0.2832512855529785
2.2128660678863525,0.40761590003967285,0.28575778007507324
2.231914520263672,0.41112375259399414,0.2887911796569824
2.2539749145507812,0.41410255432128906,0.2912728786468506
2.279078960418701,0.4171106815338135,0.2937791347503662
2.298091173171997,0.42061781883239746,0.29628586769104004
2.317141532897949,0.4236259460449219,0.29881739616394043
2.3361923694610596,0.42763853073120117,0.30132484436035156
2.355745553970337,0.43064451217651367,0.3043222427368164
2.3748269081115723,0.433652400970459,0.30681610107421875
2.3958513736724854,0.4371635913848877,0.30982232093811035
2.4149038791656494,0.44119787216186523,0.31285595893859863
2.4344842433929443,0.44420623779296875,0.31536197662353516
2.4535045623779297,0.44771528244018555,0.31784605979919434
2.4720540046691895,0.4512293338775635,0.3208768367767334
2.4901039600372314,0.4547109603881836,0.32386136054992676
2.508653402328491,0.4582486152648926,0.3263704776763916
2.5277037620544434,0.4612278938293457,0.3289012908935547
2.5467827320098877,0.4647376537322998,0.3318808078765869
2.56783390045166,0.467745304107666,0.3349142074584961
2.5868916511535645,0.4717564582824707,0.33789825439453125
2.6064412593841553,0.4747638702392578,0.340930700302124
2.6259765625,0.4782712459564209,0.34343647956848145
2.6455459594726562,0.4812791347503662,0.3459196090698242
2.6645681858062744,0.4842872619628906,0.3484499454498291
2.6831157207489014,0.48833441734313965,0.3504300117492676
2.7021663188934326,0.4923093318939209,0.3529367446899414
2.722221851348877,0.4958178997039795,0.3559536933898926
2.7418086528778076,0.4988257884979248,0.3584761619567871
2.7618248462677,0.5018360614776611,0.36098384857177734
2.7803761959075928,0.505345344543457,0.36348962783813477
2.7994558811187744,0.5083513259887695,0.365997314453125
2.817974328994751,0.5118606090545654,0.36850976943969727
2.8380274772644043,0.5154006481170654,0.37100648880004883
2.8566019535064697,0.5189118385314941,0.3735206127166748
2.8756537437438965,0.5219175815582275,0.37602782249450684
2.8966856002807617,0.5254271030426025,0.37853455543518066
2.92275333404541,0.5289368629455566,0.3810112476348877
2.942331314086914,0.5324175357818604,0.3835177421569824
2.9618961811065674,0.5354254245758057,0.38602685928344727
2.980933904647827,0.538966178894043,0.3880321979522705
3.001464605331421,0.5424668788909912,0.3905367851257324
3.0200417041778564,0.5459764003753662,0.39354705810546875
3.0485892295837402,0.549462080001831,0.39655447006225586
3.088695526123047,0.5529968738555908,0.399094820022583
3.1257946491241455,0.5564823150634766,0.4015662670135498
3.15136456489563,0.5600242614746094,0.4041142463684082
3.172919273376465,0.5629985332489014,0.4066183567047119
3.2004940509796143,0.5660068988800049,0.40912652015686035
3.229572296142578,0.5700154304504395,0.4115927219390869
3.261655569076538,0.5735251903533936,0.4141409397125244
3.2842161655426025,0.5770344734191895,0.41660594940185547
3.3032665252685547,0.5800421237945557,0.4191126823425293
3.322817802429199,0.5830795764923096,0.42162179946899414
3.3428711891174316,0.5870609283447266,0.42412853240966797
3.3614206314086914,0.5900940895080566,0.4266328811645508
3.379971981048584,0.5941054821014404,0.4286379814147949
3.3990230560302734,0.5975885391235352,0.43114709854125977
3.4180736541748047,0.6005964279174805,0.4336533546447754
3.439129114151001,0.6056361198425293,0.43618345260620117
3.4581799507141113,0.6091213226318359,0.4396963119506836
3.476729393005371,0.6126587390899658,0.4422008991241455
3.4952776432037354,0.6156618595123291,0.44470643997192383
3.51583194732666,0.6196792125701904,0.4466860294342041
3.5354151725769043,0.6226575374603271,0.44919276237487793
3.5544652938842773,0.6256656646728516,0.4517021179199219
3.573514699935913,0.6291730403900146,0.4542078971862793
3.5925354957580566,0.6326844692230225,0.4567127227783203
3.6126303672790527,0.6356921195983887,0.45921945571899414
3.6326444149017334,0.6392300128936768,0.4612247943878174
3.6526975631713867,0.6422381401062012,0.4637336730957031
3.673288345336914,0.6457188129425049,0.46624016761779785
3.691298723220825,0.6487267017364502,0.46874475479125977
3.7098498344421387,0.6522364616394043,0.4712514877319336
3.7283971309661865,0.6552445888519287,0.47378993034362793
3.747478485107422,0.6592552661895752,0.47629427909851074
3.766498565673828,0.6627650260925293,0.4782700538635254
3.785048007965088,0.6662969589233398,0.4807767868041992
3.8035974502563477,0.669783353805542,0.48328351974487305
3.8226499557495117,0.6727912425994873,0.4858212471008301
3.8432323932647705,0.6763002872467041,0.48833131790161133
3.863286256790161,0.6793081760406494,0.49083399772644043
3.8823330402374268,0.6823163032531738,0.49331212043762207
3.901357650756836,0.6858265399932861,0.4958188533782959
3.9199068546295166,0.6893332004547119,0.49782419204711914
3.9394969940185547,0.6928446292877197,0.5003306865692139
3.9585113525390625,0.695852518081665,0.5028374195098877
3.976559638977051,0.6993615627288818,0.5048425197601318
3.997112274169922,0.7023696899414062,0.5073494911193848
4.016165494918823,0.7058792114257812,0.5098540782928467
4.035215377807617,0.7088868618011475,0.5123608112335205
4.053763151168823,0.7123944759368896,0.5148975849151611
4.073315143585205,0.7159037590026855,0.5174033641815186
4.092365980148315,0.71891188621521,0.5198829174041748
4.11091685295105,0.7219195365905762,0.5223896503448486
4.129965782165527,0.7254290580749512,0.5243949890136719
4.148540496826172,0.7284390926361084,0.5269019603729248
4.170074462890625,0.7319767475128174,0.5294063091278076
4.188120603561401,0.7354857921600342,0.5319130420684814
4.206671953201294,0.7384979724884033,0.5344221591949463
4.225720643997192,0.7420041561126709,0.5369281768798828
4.244771718978882,0.7455136775970459,0.5394351482391357
4.263850450515747,0.7485198974609375,0.5414400100708008
4.2859063148498535,0.7520017623901367,0.5439467430114746
4.304933547973633,0.7550098896026611,0.5464534759521484
4.323482990264893,0.758547306060791,0.5484590530395508
4.344067573547363,0.7620570659637451,0.5509636402130127
4.363587379455566,0.765064001083374,0.5534703731536865
4.382638454437256,0.7690706253051758,0.5559792518615723
4.401716232299805,0.7725543975830078,0.5584855079650879
4.420769691467285,0.7755625247955322,0.5609908103942871
4.439815521240234,0.7790746688842773,0.5640003681182861
4.4593729972839355,0.782581090927124,0.566504716873169
4.478924036026001,0.786592960357666,0.5690114498138428
4.499950647354126,0.7901031970977783,0.5710170269012451
4.519504547119141,0.7931344509124756,0.573523759841919
4.537552356719971,0.7966201305389404,0.5760321617126465
4.556631088256836,0.7996575832366943,0.5785367488861084
4.575683355331421,0.8051950931549072,0.5810437202453613
4.595203876495361,0.8086509704589844,0.5830490589141846
4.615259170532227,0.8121600151062012,0.5860869884490967
4.6353394985198975,0.8151679039001465,0.5885939598083496
4.653860092163086,0.8192102909088135,0.5910701751708984
4.673913955688477,0.8222169876098633,0.5941104888916016
4.6954731941223145,0.8257279396057129,0.5966095924377441
4.7175328731536865,0.829230546951294,0.5990936756134033
4.738084316253662,0.8322157859802246,0.6015985012054443
4.757136583328247,0.8357248306274414,0.6041350364685059
4.776716709136963,0.8392336368560791,0.6066114902496338
4.795238256454468,0.8422420024871826,0.6086170673370361
4.814317226409912,0.8457493782043457,0.6111259460449219
4.8343658447265625,0.8492898941040039,0.6136324405670166
4.862453460693359,0.8522965908050537,0.6161394119262695
4.880964517593384,0.8558061122894287,0.6186459064483643
4.9000465869903564,0.8587861061096191,0.6211507320404053
4.919568777084351,0.8622951507568359,0.6231575012207031
4.938618421554565,0.8653013706207275,0.6256625652313232
4.960177183151245,0.8688108921051025,0.6281688213348389
4.9792561531066895,0.8718187808990479,0.6301743984222412
4.997777462005615,0.8748266696929932,0.632681131362915
5.016356468200684,0.8783361911773682,0.6351878643035889
5.036917448043823,0.8813462257385254,0.637192964553833
5.056456565856934,0.8848533630371094,0.6397004127502441
5.075482130050659,0.8883624076843262,0.6427090167999268
5.094033241271973,0.8918721675872803,0.6457180976867676
5.113112688064575,0.8948798179626465,0.6477231979370117
5.1321330070495605,0.8983891010284424,0.6502292156219482
5.151185989379883,0.9013974666595459,0.6527645587921143
5.169733285903931,0.9054100513458252,0.6557426452636719
5.188313961029053,0.9094188213348389,0.6582803726196289
5.2083375453948975,0.9124269485473633,0.660785436630249
5.226887226104736,0.9154367446899414,0.6632626056671143
5.250448226928711,0.9189462661743164,0.6657693386077881
5.274035453796387,0.9219539165496826,0.6677744388580322
5.294100046157837,0.9254636764526367,0.670280933380127
5.31315541267395,0.9290013313293457,0.6727898120880127
5.332167148590088,0.9320108890533447,0.6752963066101074
5.350714445114136,0.9355132579803467,0.6778030395507812
5.3712944984436035,0.9389996528625488,0.6803097724914551
5.390345335006714,0.9420056343078613,0.6823148727416992
5.409372568130493,0.9450159072875977,0.6848218441009521
5.4284234046936035,0.9485247135162354,0.6878306865692139
5.447497606277466,0.951530933380127,0.6903343200683594
5.467050790786743,0.9550421237945557,0.6928434371948242
5.486074924468994,0.9580504894256592,0.6948482990264893
5.5046257972717285,0.9610586166381836,0.6973533630371094
5.524205923080444,0.9645652770996094,0.6998600959777832
5.544260740280151,0.9680771827697754,0.7018675804138184
5.563310861587524,0.971113920211792,0.7048985958099365
5.582333087921143,0.9746222496032715,0.7074053287506104
5.60138201713562,0.9781310558319092,0.7094099521636963
5.620434284210205,0.9811093807220459,0.7123932838439941
5.639984369277954,0.9841175079345703,0.7143983840942383
5.658032417297363,0.9876267910003662,0.716935396194458
5.676581859588623,0.9911360740661621,0.7194423675537109
5.697667360305786,0.9941446781158447,0.7219200134277344
5.717220783233643,0.9976840019226074,0.7244250774383545
5.736773490905762,1.0011649131774902,0.7269318103790283
5.755803823471069,1.0046746730804443,0.7294385433197021
5.774342060089111,1.008211612701416,0.7329502105712891
5.793417692184448,1.0111916065216064,0.7354931831359863
5.812946557998657,1.0147008895874023,0.7379631996154785
5.8324973583221436,1.0187101364135742,0.7404689788818359
5.851548910140991,1.023247480392456,0.7430150508880615
5.872132301330566,1.0267326831817627,0.7454831600189209
5.891152858734131,1.0297646522521973,0.7479898929595947
5.910203456878662,1.0332486629486084,0.7504963874816895
5.929284572601318,1.0362563133239746,0.7530422210693359
5.949810981750488,1.0397911071777344,0.7555458545684814
5.968899726867676,1.0433003902435303,0.7580556869506836
5.987951755523682,1.0463082790374756,0.7605209350585938
6.006459712982178,1.0497922897338867,0.7630283832550049
6.0255126953125,1.052800178527832,0.765559196472168
6.046066999435425,1.056311845779419,0.7680673599243164
6.065643548965454,1.0593175888061523,0.770550012588501
6.084167957305908,1.0623259544372559,0.7735822200775146
6.103748083114624,1.065333604812622,0.7760896682739258
6.12280011177063,1.0693705081939697,0.778594970703125
6.142351388931274,1.072878122329712,0.7811019420623779
6.1618735790252686,1.0758616924285889,0.783613920211792
6.180424213409424,1.0793731212615967,0.7861192226409912
6.2005064487457275,1.082381010055542,0.7886278629302979
6.21955680847168,1.0863919258117676,0.7911026477813721
6.238577842712402,1.089397668838501,0.7941107749938965
6.2576282024383545,1.0924057960510254,0.7961161136627197
6.276678800582886,1.0964229106903076,0.7986226081848145
6.296231031417847,1.0999579429626465,0.8011295795440674
6.314809799194336,1.103987455368042,0.8036360740661621
6.3343329429626465,1.1079723834991455,0.8061428070068359
6.353412628173828,1.110980749130249,0.8086495399475098
6.373937606811523,1.114466667175293,0.8111560344696045
6.392988443374634,1.1179759502410889,0.8136932849884033
6.4115376472473145,1.1219866275787354,0.816199779510498
6.430588483810425,1.125518798828125,0.8187065124511719
6.449641227722168,1.1285266876220703,0.8211846351623535
6.468691825866699,1.1320362091064453,0.8237192630767822
6.487742185592651,1.1355226039886475,0.8257246017456055
6.506289720535278,1.1385304927825928,0.8282015323638916
6.524839162826538,1.1420624256134033,0.8307082653045654
6.545393943786621,1.1450459957122803,0.8337161540985107
6.563945055007935,1.148555040359497,0.8357212543487549
6.5824925899505615,1.152064323425293,0.8382282257080078
6.602575302124023,1.1550724506378174,0.8407344818115234
6.621598243713379,1.1586120128631592,0.8432438373565674
6.640649318695068,1.1616201400756836,0.8457503318786621
6.6596996784210205,1.1651296615600586,0.8477554321289062
6.6792519092559814,1.1686105728149414,0.8502602577209473
6.699329614639282,1.1716163158416748,0.8527665138244629
6.726375579833984,1.1746246814727783,0.8552732467651367
6.744927883148193,1.1781339645385742,0.8577799797058105
6.763977289199829,1.1811418533325195,0.8602874279022217
6.782526731491089,1.184149980545044,0.8628182411193848
6.8015758991241455,1.1876590251922607,0.8653018474578857
6.821157932281494,1.1911985874176025,0.8678085803985596
6.840679407119751,1.1942086219787598,0.8703153133392334
6.85922908782959,1.197685956954956,0.8728201389312744
6.878281354904175,1.2012252807617188,0.875328540802002
6.898834466934204,1.2047348022460938,0.8773338794708252
6.917886972427368,1.2082161903381348,0.879840612411499
6.936935663223267,1.2117252349853516,0.8823480606079102
6.955485582351685,1.2147314548492432,0.8848540782928467
6.976039886474609,1.218242883682251,0.8868598937988281
6.995093107223511,1.2217519283294678,0.8898656368255615
7.01313853263855,1.2247579097747803,0.8923978805541992
7.033192157745361,1.228269338607788,0.8949034214019775
7.053746700286865,1.2312772274017334,0.8974106311798096
7.072298049926758,1.234283447265625,0.8999168872833252
7.091348648071289,1.238797664642334,0.9024302959442139
7.11039924621582,1.2418053150177002,0.9049077033996582
7.128947019577026,1.2453129291534424,0.907414436340332
7.148530721664429,1.248347282409668,0.9099187850952148
7.1675496101379395,1.252333402633667,0.9124255180358887
7.187132120132446,1.2553400993347168,0.9149322509765625
7.20565128326416,1.259352445602417,0.9169378280639648
7.2257044315338135,1.2623600959777832,0.9194440841674805
7.245258331298828,1.2658677101135254,0.9219522476196289
7.263831853866577,1.2693769931793213,0.9244890213012695
7.284360408782959,1.2723846435546875,0.9269661903381348
7.303912401199341,1.2753922939300537,0.9294726848602295
7.322494029998779,1.2784006595611572,0.9314782619476318
7.3420422077178955,1.281912088394165,0.9339845180511475
7.360563278198242,1.2854208946228027,0.9364898204803467
7.381119728088379,1.2889540195465088,0.9384951591491699
7.399669170379639,1.2919692993164062,0.9410035610198975
7.4182164669036865,1.2954480648040771,0.9435100555419922
7.43729305267334,1.2989554405212402,0.9460172653198242
7.457346677780151,1.3019635677337646,0.948523998260498
7.476875066757202,1.3070030212402344,0.9510302543640137
7.496926546096802,1.3105108737945557,0.9535365104675293
7.515506029129028,1.3135194778442383,0.9560439586639404
7.534555912017822,1.3170034885406494,0.958550214767456
7.5550830364227295,1.3205387592315674,0.9610550403594971
7.574157476425171,1.324047327041626,0.9630601406097412
7.593683958053589,1.3275363445281982,0.965566873550415
7.6122331619262695,1.3305394649505615,0.9680991172790527
7.63128399848938,1.3335473537445068,0.9706056118011475
7.651338815689087,1.3370592594146729,0.9731123447418213
7.670891284942627,1.3405916690826416,0.9756190776824951
7.6894402503967285,1.3441004753112793,0.9781339168548584
7.708519220352173,1.3476104736328125,0.980637788772583
7.728544473648071,1.3510942459106445,0.9831440448760986
7.747093677520752,1.3541021347045898,0.9856500625610352
7.766643762588501,1.3576116561889648,0.9886298179626465
7.786195993423462,1.3611209392547607,0.9911370277404785
7.805749893188477,1.364128589630127,0.9936673641204834
7.823797702789307,1.367652416229248,0.996178150177002
7.843350172042847,1.371147632598877,0.9986550807952881
7.8618996143341064,1.3741552829742432,1.0006604194641113
7.881451606750488,1.3776671886444092,1.003166913986206
7.90100359916687,1.3806748390197754,1.0056757926940918
7.919551134109497,1.3842074871063232,1.0081820487976074
7.9391279220581055,1.387718677520752,1.0106892585754395
7.958155393600464,1.3912007808685303,1.013195514678955
7.978207349777222,1.3947484493255615,1.015702724456787
7.997758865356445,1.3982493877410889,1.01820707321167
8.01783800125122,1.4122586250305176,1.0202124118804932
8.037364482879639,1.4288034439086914,1.022749662399292
8.057919025421143,1.4323101043701172,1.0252556800842285
8.076468706130981,1.4358196258544922,1.0277345180511475
8.095017671585083,1.439328908920288,1.030240774154663
8.113569021224976,1.4428412914276123,1.0322465896606445
8.133631944656372,1.446350336074829,1.0347514152526855
8.152171611785889,1.454371452331543,1.0372576713562012
8.171220779418945,1.4608888626098633,1.0397660732269287
8.189769983291626,1.4643988609313965,1.0417718887329102
8.208851099014282,1.4679303169250488,1.0442781448364258
8.229405164718628,1.4714393615722656,1.0467851161956787
8.248428106307983,1.474923849105835,1.048790454864502
8.267476797103882,1.4794361591339111,1.0512971878051758
8.286051034927368,1.4829707145690918,1.0538039207458496
8.306580781936646,1.486454725265503,1.0563106536865234
8.326663970947266,1.4899957180023193,1.0583162307739258
8.34619402885437,1.4939746856689453,1.0608222484588623
8.365244388580322,1.4984886646270752,1.0638282299041748
8.385799169540405,1.5024991035461426,1.0658338069915771
8.404348850250244,1.5060317516326904,1.068340539932251
8.42292332649231,1.5090446472167969,1.0708472728729248
8.44247555732727,1.5125236511230469,1.072852611541748
8.4620041847229,1.5160331726074219,1.0753612518310547
8.480581521987915,1.5195732116699219,1.0778677463531494
8.49960207939148,1.5230531692504883,1.0818781852722168
8.517650604248047,1.526092767715454,1.085387945175171
8.536739587783813,1.5295994281768799,1.088895320892334
8.557792663574219,1.5330803394317627,1.093407392501831
8.584831476211548,1.5365898609161377,1.0959384441375732
8.60391092300415,1.5401225090026855,1.098923921585083
8.622930526733398,1.5436320304870605,1.1014306545257568
8.64248275756836,1.546614646911621,1.1039369106292725
8.662065505981445,1.5501554012298584,1.1064674854278564
8.681586742401123,1.5541596412658691,1.1089742183685303
8.700639009475708,1.5571675300598145,1.111457109451294
8.719188451766968,1.5606787204742432,1.1139636039733887
8.7392418384552,1.5636851787567139,1.1165046691894531
8.758292198181152,1.567171335220337,1.1190056800842285
8.777343273162842,1.5706787109375,1.1220018863677979
8.796394109725952,1.5741877555847168,1.1244897842407227
8.81544280052185,1.5777225494384766,1.1269965171813965
8.834017992019653,1.5812087059020996,1.1290020942687988
8.85304307937622,1.5842163562774658,1.1315104961395264
8.872095584869385,1.5877256393432617,1.1340174674987793
8.891145944595337,1.5907340049743652,1.1365242004394531
8.91069769859314,1.5937421321868896,1.1395606994628906
8.929776906967163,1.5972790718078613,1.1420366764068604
8.94933032989502,1.6007912158966064,1.1445434093475342
8.968382120132446,1.6047804355621338,1.1465485095977783
8.989407539367676,1.6082804203033447,1.1490552425384521
9.00798225402832,1.6117901802062988,1.1515686511993408
9.026534795761108,1.614797830581665,1.1540684700012207
9.046058416366577,1.6178061962127686,1.156073808670044
9.066109895706177,1.6213154792785645,1.1591064929962158
9.08566164970398,1.6248548030853271,1.1616077423095703
9.104212999343872,1.6283340454101562,1.164121150970459
9.122761011123657,1.6313397884368896,1.1666269302368164
9.14181137084961,1.6348490715026855,1.1691384315490723
9.16036081314087,1.6383585929870605,1.1716175079345703
9.179915428161621,1.641366720199585,1.174124002456665
9.198463916778564,1.644909143447876,1.1761293411254883
9.217011451721191,1.6478841304779053,1.1786341667175293
9.237596988677979,1.651393175125122,1.181140661239624
9.256617069244385,1.6544010639190674,1.1836769580841064
9.27569842338562,1.6579413414001465,1.1856822967529297
9.296263456344604,1.6609206199645996,1.1886918544769287
9.315776586532593,1.6644303798675537,1.191169023513794
9.335827827453613,1.6684691905975342,1.1937072277069092
9.355380058288574,1.6724746227264404,1.1962108612060547
9.374934434890747,1.6754820346832275,1.1987173557281494
9.394484758377075,1.678992509841919,1.2011940479278564
9.414536952972412,1.6820001602172852,1.2037310600280762
9.433086633682251,1.6855154037475586,1.2062418460845947
9.453666925430298,1.6895198822021484,1.2087435722351074
9.472190856933594,1.6925280094146729,1.2112517356872559
9.490739822387695,1.69553542137146,1.2137274742126465
9.509291172027588,1.6990454196929932,1.216233730316162
9.527840614318848,1.702554702758789,1.218740463256836
9.54739260673523,1.7055373191833496,1.2207481861114502
9.567947387695312,1.7090466022491455,1.224280834197998
9.586998701095581,1.71205472946167,1.2267870903015137
9.605547428131104,1.7150626182556152,1.2292985916137695
9.626101970672607,1.7185721397399902,1.2317774295806885
9.645150661468506,1.7215802669525146,1.2337825298309326
9.664732456207275,1.7251205444335938,1.2368192672729492
9.68375539779663,1.7281279563903809,1.2393252849578857
9.703305721282959,1.7316365242004395,1.24180269241333
9.721884489059448,1.7351174354553223,1.2443468570709229
9.742411613464355,1.7381536960601807,1.2468171119689941
9.761963605880737,1.7416644096374512,1.2488226890563965
9.781513452529907,1.7451426982879639,1.2513294219970703
9.80056643486023,1.7486519813537598,1.2538361549377441
9.819647789001465,1.752161979675293,1.2563426494598389
9.83966875076294,1.7556705474853516,1.2588496208190918
9.859220266342163,1.7591800689697266,1.260854959487915
9.877769708633423,1.7626914978027344,1.2638914585113525
9.896321773529053,1.7656996250152588,1.2663671970367432
9.916403532028198,1.7687089443206787,1.2683725357055664
9.934921979904175,1.7727181911468506,1.2708797454833984
9.953972578048706,1.775726556777954,1.273386001586914
9.973049640655518,1.7787342071533203,1.2759239673614502
9.992617845535278,1.78377103805542,1.2784299850463867
10.01167607307434,1.7882575988769531,1.2809059619903564
10.03067684173584,1.791766881942749,1.2829115390777588
10.049228191375732,1.7947745323181152,1.2854180335998535
10.069782733917236,1.7982864379882812,1.2879250049591064
10.090367317199707,1.8022964000701904,1.290431261062622
10.109887838363647,1.8073108196258545,1.292940378189087
10.12943983078003,1.8103179931640625,1.2954468727111816
10.148994207382202,1.813326120376587,1.2974522113800049
10.169071435928345,1.816835880279541,1.2999587059020996
10.188596963882446,1.8198437690734863,1.3024652004241943
10.207679271697998,1.8233530521392822,1.3049724102020264
10.227201700210571,1.8263630867004395,1.3075082302093506
10.247756958007812,1.8298704624176025,1.3104867935180664
10.265827894210815,1.8334100246429443,1.3129935264587402
10.28435206413269,1.836388111114502,1.3149986267089844
10.303404331207275,1.8398969173431396,1.3175053596496582
10.322455644607544,1.843404769897461,1.320012092590332
10.342508554458618,1.8469135761260986,1.3230209350585938
10.36155915260315,1.8504230976104736,1.3250253200531006
10.38060998916626,1.853430986404419,1.3275587558746338
10.401164770126343,1.8564391136169434,1.3300647735595703
10.427233934402466,1.8594470024108887,1.3335471153259277
10.445811986923218,1.8629813194274902,1.33607816696167
10.46536660194397,1.8664679527282715,1.338559865951538
10.483912706375122,1.8700003623962402,1.3410661220550537
10.502963304519653,1.8734867572784424,1.3435981273651123
10.52248764038086,1.8764944076538086,1.346104621887207
10.541065216064453,1.8800318241119385,1.3485865592956543
10.559584379196167,1.883040428161621,1.35109281539917
10.578665256500244,1.8875541687011719,1.353100061416626
10.599189758300781,1.8920340538024902,1.3561139106750488
10.618250608444214,1.895542860031128,1.3586146831512451
10.637794017791748,1.8990769386291504,1.3606202602386475
10.656843423843384,1.9020624160766602,1.3631248474121094
10.67592477798462,1.905571699142456,1.3656315803527832
10.694445133209229,1.9085783958435059,1.3681690692901611
10.713022470474243,1.912111520767212,1.3706748485565186
10.732073068618774,1.9156250953674316,1.3736791610717773
10.753101110458374,1.919135332107544,1.3761847019195557
10.772149801254272,1.9221160411834717,1.3781909942626953
10.790200233459473,1.9256253242492676,1.3806967735290527
10.809250593185425,1.928633451461792,1.3831782341003418
10.827797889709473,1.9321703910827637,1.3856849670410156
10.853368043899536,1.9351496696472168,1.3876903057098389
10.871917963027954,1.938688039779663,1.3901989459991455
10.890966176986694,1.9421675205230713,1.3927059173583984
10.920544862747192,1.9451749324798584,1.3952398300170898
10.943106889724731,1.9486844539642334,1.397718906402588
10.970714330673218,1.9516925811767578,1.4012281894683838
10.990233421325684,1.9547007083892822,1.4052622318267822
11.009812831878662,1.958209753036499,1.407768726348877
11.027832269668579,1.9617218971252441,1.4102506637573242
11.046906232833862,1.9647295475006104,1.4127569198608398
11.065430641174316,1.9682364463806152,1.4152636528015137
11.083981990814209,1.9717490673065186,1.417268991470337
11.10253119468689,1.976759672164917,1.4197757244110107
11.123085975646973,1.980268955230713,1.4222826957702637
11.142136335372925,1.9837777614593506,1.4247891902923584
11.161688327789307,1.9872875213623047,1.4272956848144531
11.181270122528076,1.9907968044281006,1.4293010234832764
11.200790882110596,1.994330644607544,1.4318077564239502
11.219340085983276,1.9978151321411133,1.4343171119689941
11.237390041351318,2.0008232593536377,1.4368231296539307
11.255939722061157,2.004833936691284,1.439870834350586
11.276522636413574,2.00834321975708,1.442337989807129
11.296546459197998,2.0113508701324463,1.4448440074920654
11.31509518623352,2.0148606300354004,1.4468493461608887
11.333644151687622,2.0193748474121094,1.4493565559387207
11.353198289871216,2.0228819847106934,1.4518632888793945
11.372247219085693,2.0258896350860596,1.4543678760528564
11.391297578811646,2.028898000717163,1.4563727378845215
11.409345865249634,2.03240704536438,1.4588794708251953
11.427897214889526,2.0354154109954834,1.4613862037658691
11.44848084449768,2.0389564037323,1.463893175125122
11.467502117156982,2.042463779449463,1.4663996696472168
11.486050128936768,2.045471668243408,1.468404769897461
11.50510311126709,2.0489816665649414,1.4709115028381348
11.523651838302612,2.051989793777466,1.472917079925537
11.543703079223633,2.0554704666137695,1.4754259586334229
11.569271326065063,2.05950927734375,1.4779324531555176
11.58985424041748,2.0625195503234863,1.4804391860961914
11.608878374099731,2.066028594970703,1.4824442863464355
11.629935026168823,2.0695364475250244,1.4849510192871094
11.649484872817993,2.0725462436676025,1.487457513809204
11.668561697006226,2.0765249729156494,1.4899625778198242
11.687084913253784,2.0795323848724365,1.492469072341919
11.706137657165527,2.083066463470459,1.4949755668640137
11.725188255310059,2.0865514278411865,1.4974846839904785
11.743735551834106,2.0900609493255615,1.4999892711639404
11.762787818908691,2.0930685997009277,1.502495527267456
11.782841920852661,2.0965778827667236,1.505004644393921
11.80189061164856,2.1000876426696777,1.5075089931488037
11.82144284248352,2.1035995483398438,1.509514570236206
11.840496301651001,2.1081337928771973,1.5120213031768799
11.859569311141968,2.111643075942993,1.5150609016418457
11.878093481063843,2.114652395248413,1.5170657634735107
11.896642684936523,2.1181650161743164,1.5200750827789307
11.915695190429688,2.1216697692871094,1.5225493907928467
11.934242725372314,2.125180244445801,1.5250558853149414
11.95482349395752,2.1281871795654297,1.5275626182556152
11.974375247955322,2.131673574447632,1.530071496963501
11.993901491165161,2.1351828575134277,1.532578468322754
12.012952089309692,2.138188600540161,1.5350847244262695
12.032028198242188,2.1417322158813477,1.5370898246765137
12.0510835647583,2.145237445831299,1.540097951889038
12.070605516433716,2.1482455730438232,1.542602300643921
12.089184761047363,2.1517271995544434,1.5446076393127441
12.109208345413208,2.1547348499298096,1.547114610671997
12.127759456634521,2.1582441329956055,1.549621343612671
12.14734148979187,2.161252737045288,1.5521299839019775
12.166362524032593,2.164761781692505,1.5546367168426514
12.185413360595703,2.1677677631378174,1.5571434497833252
12.203962087631226,2.171276807785034,1.5591483116149902
12.222008466720581,2.1742870807647705,1.5616533756256104
12.240588188171387,2.1778249740600586,1.5641601085662842
12.260111331939697,2.1808316707611084,1.566666841506958
12.28317141532898,2.1843135356903076,1.5686719417572021
12.309741735458374,2.187321662902832,1.5711805820465088
12.328291177749634,2.1908607482910156,1.5731861591339111
12.3493492603302,2.194338083267212,1.575690507888794
12.368397951126099,2.1973462104797363,1.5781972408294678
12.387975215911865,2.2008554935455322,1.5807340145111084
12.406501293182373,2.20439076423645,1.5832407474517822
12.42555022239685,2.207397937774658,1.5857491493225098
12.44409966468811,2.2108845710754395,1.5882539749145508
12.465656995773315,2.2143940925598145,1.590730905532837
12.484205961227417,2.2174015045166016,1.5932376384735107
12.503783464431763,2.2209088802337646,1.5957458019256592
12.522810935974121,2.2244210243225098,1.5982756614685059
12.541391611099243,2.2274281978607178,1.600281000137329
12.560410976409912,2.2309601306915283,1.6032662391662598
12.578959941864014,2.234445095062256,1.605271339416504
12.598011016845703,2.2384560108184814,1.6078057289123535
12.618063926696777,2.241488456726074,1.6102848052978516
12.639145851135254,2.2449984550476074,1.613290548324585
12.660204410552979,2.248507261276245,1.6152958869934082
12.679227113723755,2.251490354537964,1.6178359985351562
12.698807716369629,2.2549996376037598,1.620309591293335
12.717830181121826,2.2585394382476807,1.6233198642730713
12.736379146575928,2.2620489597320557,1.6258258819580078
12.755428075790405,2.2655298709869385,1.6278293132781982
12.773977518081665,2.268537759780884,1.630336046218872
12.792528629302979,2.2720470428466797,1.632868766784668
12.813083410263062,2.275055170059204,1.6353797912597656
12.83213210105896,2.2780635356903076,1.6378862857818604
12.851683855056763,2.28309965133667,1.6403939723968506
12.871238231658936,2.28658390045166,1.6434006690979004
12.889810562133789,2.289616584777832,1.6454062461853027
12.908860921859741,2.2931301593780518,1.6479127407073975
12.92791223526001,2.2966108322143555,1.6504197120666504
12.946937561035156,2.2996201515197754,1.652928352355957
12.966491460800171,2.304165840148926,1.655937910079956
12.985039234161377,2.308166027069092,1.6589372158050537
13.00359034538269,2.3111746311187744,1.6614446640014648
13.022139549255371,2.3146605491638184,1.6639273166656494
13.041693210601807,2.3176686763763428,1.6659326553344727
13.061744689941406,2.32218074798584,1.6684393882751465
13.080294132232666,2.3256897926330566,1.6709437370300293
13.098371982574463,2.329221725463867,1.6734504699707031
13.117393255233765,2.332231283187866,1.6759576797485352
13.137470245361328,2.335744857788086,1.6779627799987793
13.157526731491089,2.3392486572265625,1.6804695129394531
13.176047325134277,2.342257022857666,1.682976245880127
13.19409728050232,2.3457674980163574,1.6854844093322754
13.212644577026367,2.349252939224243,1.6879916191101074
13.231722116470337,2.3522603511810303,1.6904981136322021
13.250746011734009,2.355792999267578,1.6925034523010254
13.270330667495728,2.3592796325683594,1.6950101852416992
13.291857481002808,2.3622870445251465,1.697516918182373
13.31842851638794,2.365293264389038,1.699521780014038
13.33898115158081,2.368802309036255,1.702028512954712
13.366052865982056,2.37231183052063,1.704533576965332
13.385607242584229,2.375319719314575,1.7070422172546387
13.40368390083313,2.378878355026245,1.7095489501953125
13.422202348709106,2.382864475250244,1.7120556831359863
13.440753698348999,2.385849714279175,1.7140896320343018
13.460304021835327,2.3893589973449707,1.7165958881378174
13.48089051246643,2.3928964138031006,1.7191026210784912
13.499909162521362,2.3958747386932373,1.721601963043213
13.519492149353027,2.4003865718841553,1.7241158485412598
13.538010597229004,2.4033944606781006,1.7265942096710205
13.557063341140747,2.406402587890625,1.7301278114318848
13.575610399246216,2.409911870956421,1.734112024307251
13.595164775848389,2.4139485359191895,1.7381246089935303
13.613711833953857,2.4169304370880127,1.7421722412109375
13.6327645778656,2.420440196990967,1.7446763515472412
13.653319597244263,2.423447847366333,1.7471470832824707
13.671868562698364,2.4264585971832275,1.7496535778045654
13.69094729423523,2.4299674034118652,1.7521913051605225
13.710495233535767,2.4334747791290283,1.754669189453125
13.729549884796143,2.437514066696167,1.7576749324798584
13.748069763183594,2.4409966468811035,1.7596800327301025
13.767150402069092,2.4440274238586426,1.7631912231445312
13.785669803619385,2.447537899017334,1.7657217979431152
13.806249380111694,2.4510512351989746,1.768202781677246
13.825790882110596,2.4540293216705322,1.7702083587646484
13.844829559326172,2.457538604736328,1.772716999053955
13.863907814025879,2.4605464935302734,1.775223731994629
13.882957935333252,2.464081287384033,1.7772269248962402
13.902505874633789,2.467590570449829,1.779733657836914
13.921531200408936,2.4705982208251953,1.782240390777588
13.939582109451294,2.4751107692718506,1.784245491027832
13.959161043167114,2.4791243076324463,1.7867546081542969
13.978683233261108,2.4826343059539795,1.7892608642578125
13.997764348983765,2.4856154918670654,1.7917659282684326
14.017311811447144,2.4891226291656494,1.7942724227905273
14.037842273712158,2.492130756378174,1.7968101501464844
14.056421995162964,2.495138645172119,1.7993168830871582
14.0754714012146,2.498650550842285,1.8017950057983398
14.09449291229248,2.502159595489502,1.8043007850646973
14.11304259300232,2.5056915283203125,1.806840419769287
14.132091760635376,2.510204315185547,1.809312105178833
14.153650760650635,2.513211727142334,1.8118188381195068
14.179735898971558,2.5166971683502197,1.8143556118011475
14.198771238327026,2.520205497741699,1.8168621063232422
14.217318296432495,2.5232131481170654,1.8193409442901611
14.236896753311157,2.5267229080200195,1.821847915649414
14.256447792053223,2.5302321910858154,1.8243522644042969
14.27497410774231,2.5332398414611816,1.8263576030731201
14.293049335479736,2.536752700805664,1.828864574432373
14.312070369720459,2.5402839183807373,1.8308699131011963
14.332661151885986,2.544271469116211,1.8338801860809326
14.352680444717407,2.5472795963287354,1.8363862037658691
14.37273383140564,2.5502853393554688,1.8394029140472412
14.390782117843628,2.5537946224212646,1.8419008255004883
14.409329175949097,2.5573043823242188,1.8444318771362305
14.427909135818481,2.5603418350219727,1.8469383716583252
14.445926666259766,2.564347743988037,1.849419355392456
14.465478897094727,2.5678582191467285,1.8519256114959717
14.484029769897461,2.57137131690979,1.8549354076385498
14.504584550857544,2.574881076812744,1.8579432964324951
14.523133993148804,2.578886032104492,1.8604483604431152
14.54118013381958,2.58186936378479,1.862955093383789
14.560734033584595,2.5848772525787354,1.8649606704711914
14.579807758331299,2.5883889198303223,1.867466926574707
14.599838256835938,2.5918962955474854,1.8699758052825928
14.618888854980469,2.5949039459228516,1.8724825382232666
14.63796329498291,2.597912073135376,1.8749887943267822
14.659019470214844,2.601421356201172,1.8774960041046143
14.678545713424683,2.6064460277557373,1.8794987201690674
14.697598457336426,2.6094677448272705,1.8820056915283203
14.716145992279053,2.6129543781280518,1.884514331817627
14.735197067260742,2.6164681911468506,1.8865196704864502
14.753747701644897,2.61997127532959,1.8890244960784912
14.772295475006104,2.6235058307647705,1.891530990600586
14.791346073150635,2.6270153522491455,1.8940391540527344
14.81089973449707,2.630523204803467,1.8965742588043213
14.830451965332031,2.6335067749023438,1.8990836143493652
14.84950065612793,2.6370162963867188,1.9015882015228271
14.86905288696289,2.6405255794525146,1.9040977954864502
14.887602090835571,2.6435632705688477,1.9066028594970703
14.906652450561523,2.647073745727539,1.909109354019165
14.925703525543213,2.650082588195801,1.9116051197052002
14.944280862808228,2.654061794281006,1.9140911102294922
14.962302684783936,2.6580722332000732,1.916599988937378
14.984860897064209,2.6610801219940186,1.919135570526123
15.004438638687134,2.664614677429199,1.9216210842132568
15.024468183517456,2.6675989627838135,1.9241483211517334
15.043017387390137,2.6716339588165283,1.9261541366577148
15.061567306518555,2.6746418476104736,1.9286611080169678
15.080116271972656,2.6786274909973145,1.9311668872833252
15.098664045333862,2.6816349029541016,1.9336738586425781
15.117714643478394,2.684645175933838,1.9361517429351807
15.137792825698853,2.6881542205810547,1.9386584758758545
15.158860921859741,2.6911604404449463,1.9411654472351074
15.177375316619873,2.694694757461548,1.9436719417572021
15.196426153182983,2.6977028846740723,1.9461793899536133
15.215505838394165,2.7011871337890625,1.9481837749481201
15.237533569335938,2.7046964168548584,1.9511921405792236
15.25708556175232,2.7082056999206543,1.9537222385406494
15.275634527206421,2.7117459774017334,1.9562292098999023
15.294186353683472,2.715254068374634,1.9587352275848389
15.312759637832642,2.718766927719116,1.961216688156128
15.333789825439453,2.7217721939086914,1.9637234210968018
15.35384464263916,2.7252845764160156,1.9662299156188965
15.372894048690796,2.7282896041870117,1.9682350158691406
15.391968965530396,2.7317705154418945,1.9707441329956055
15.410493612289429,2.734778642654419,1.9737517833709717
15.429043054580688,2.738286018371582,1.9762811660766602
15.447091102600098,2.7412936687469482,1.9787654876708984
15.467676401138306,2.7448031902313232,1.9812719821929932
15.487699270248413,2.7478132247924805,1.9838018417358398
15.506248474121094,2.750851631164551,1.9862830638885498
15.524797916412354,2.7543303966522217,1.9887900352478027
15.54338002204895,2.757336378097534,1.9912965297698975
15.564403533935547,2.760848045349121,1.9933021068572998
15.584957838058472,2.7638556957244873,1.9958086013793945
15.604511976242065,2.767364978790283,1.998344898223877
15.622588396072388,2.7708749771118164,2.000852346420288
15.64263653755188,2.774384021759033,2.003328800201416
15.66266679763794,2.7774147987365723,2.0058350563049316
15.682247161865234,2.7809033393859863,2.007842540740967
15.706783771514893,2.7844107151031494,2.0103490352630615
15.725333213806152,2.7879433631896973,2.0128560066223145
15.744407892227173,2.791452646255493,2.0153608322143555
15.763463258743286,2.794463872909546,2.017869472503662
15.783010482788086,2.7979745864868164,2.020376205444336
15.802045822143555,2.8014559745788574,2.0223793983459473
15.821589708328247,2.806469678878784,2.024886131286621
15.84164309501648,2.8094775676727295,2.027392864227295
15.860691785812378,2.812986373901367,2.0298991203308105
15.87974238395691,2.8164942264556885,2.031904935836792
15.899320363998413,2.820028781890869,2.0344114303588867
15.918848514556885,2.8230364322662354,2.0369181632995605
15.936896324157715,2.8265209197998047,2.0394248962402344
15.955945491790771,2.8300604820251465,2.041931629180908
15.978034496307373,2.8340654373168945,2.044468402862549
16.000062465667725,2.837073802947998,2.0469446182250977
16.030643939971924,2.8405580520629883,2.0489501953125
16.049195289611816,2.844067096710205,2.051456928253174
16.0682475566864,2.8485794067382812,2.053975820541382
16.08729648590088,2.8515875339508057,2.056471824645996
16.1063711643219,2.855135440826416,2.0590078830718994
16.125396490097046,2.8586058616638184,2.06148362159729
16.144962787628174,2.8616139888763428,2.064016103744507
16.16402840614319,2.8651235103607178,2.0665221214294434
16.18656063079834,2.868131160736084,2.0690033435821533
16.208141565322876,2.871642589569092,2.071510076522827
16.228171586990356,2.875153064727783,2.074016571044922
16.247220277786255,2.8786838054656982,2.0765533447265625
16.26629614830017,2.8816933631896973,2.0790319442749023
16.284321069717407,2.885179281234741,2.0810372829437256
16.30340003967285,2.888688325881958,2.0835444927215576
16.322921752929688,2.8927218914031982,2.0860509872436523
16.34200358390808,2.8962080478668213,2.089057207107544
16.362528800964355,2.8992156982421875,2.091566324234009
16.38361358642578,2.9027490615844727,2.0940704345703125
16.40263557434082,2.905731201171875,2.097604513168335
16.421684503555298,2.9092767238616943,2.100614070892334
16.44023585319519,2.912781000137329,2.1026182174682617
16.45978856086731,2.916261672973633,2.1056008338928223
16.478866577148438,2.919269323348999,2.1076064109802246
16.49738597869873,2.9222753047943115,2.110114812850952
16.51643681526184,2.9258153438568115,2.112621545791626
16.537020444869995,2.9293246269226074,2.1151559352874756
16.55656933784485,2.9323320388793945,2.1176624298095703
16.57559585571289,2.9358115196228027,2.1201393604278564
16.59614872932434,2.938819408416748,2.1226460933685303
16.61520218849182,2.9418275356292725,2.125178813934326
16.635254621505737,2.9453370571136475,2.1276845932006836
16.655807495117188,2.9483468532562256,2.1301920413970947
16.67538595199585,2.9518566131591797,2.132674217224121
16.695914268493652,2.954864740371704,2.1351816654205322
16.714967012405396,2.95837140083313,2.1371865272521973
16.7335147857666,2.9619104862213135,2.13969349861145
16.752094507217407,2.964923858642578,2.142198085784912
16.771617650985718,2.9683985710144043,2.144704818725586
16.790167093276978,2.9714088439941406,2.1472439765930176
16.809216022491455,2.97491717338562,2.1497578620910645
16.828266859054565,2.9784247875213623,2.1522560119628906
16.849324941635132,2.9814329147338867,2.154761791229248
16.870883464813232,2.984442710876465,2.1577420234680176
16.890432119369507,2.9884800910949707,2.1602485179901123
16.90848183631897,2.991986036300659,2.162777900695801
16.92703127861023,2.9949965476989746,2.1652843952178955
16.94560432434082,2.998979330062866,2.167797088623047
16.964128017425537,3.002514600753784,2.170319080352783
16.98370599746704,3.0060269832611084,2.173280954360962
17.00273084640503,3.009509801864624,2.175286293029785
17.022284746170044,3.0125181674957275,2.179297924041748
17.04434370994568,3.0185322761535645,2.183812141418457
17.064926862716675,3.0225424766540527,2.187321186065674
17.08394718170166,3.026553153991699,2.1908297538757324
17.103499174118042,3.0300867557525635,2.1933343410491943
17.122050285339355,3.033573865890503,2.196342706680298
17.1411292552948,3.0365819931030273,2.1988511085510254
17.160180807113647,3.0401155948638916,2.201380729675293
17.179200410842896,3.043598175048828,2.2038888931274414
17.20179057121277,3.0466063022613525,2.206368923187256
17.221339225769043,3.049614429473877,2.2094016075134277
17.241366147994995,3.0531234741210938,2.2118852138519287
17.26041865348816,3.056131601333618,2.2144157886505127
17.27946972846985,3.059640884399414,2.216420888900757
17.298053741455078,3.0626490116119385,2.219428777694702
17.31756854057312,3.0656588077545166,2.221911907196045
17.337658166885376,3.069669723510742,2.224447011947632
17.357675790786743,3.0726778507232666,2.2269539833068848
17.380738973617554,3.0762100219726562,2.2294304370880127
17.401291608810425,3.0796961784362793,2.231435537338257
17.423351764678955,3.0832056999206543,2.2339425086975098
17.44240117073059,3.086211681365967,2.235947847366333
17.461952924728394,3.0897209644317627,2.238454580307007
17.480504274368286,3.0932302474975586,2.2409610748291016
17.49955463409424,3.096740961074829,2.2434675693511963
17.517602682113647,3.100274085998535,2.2454731464385986
17.53715491294861,3.103761672973633,2.2479798793792725
17.55720829963684,3.108295202255249,2.250488519668579
17.575758695602417,3.1112802028656006,2.252995252609253
17.59430503845215,3.1147897243499756,2.2555019855499268
17.613888263702393,3.117797374725342,2.2580084800720215
17.63290786743164,3.121330738067627,2.260011911392212
17.653462648391724,3.1248397827148438,2.2625186443328857
17.672515153884888,3.1283485889434814,2.2650251388549805
17.692096710205078,3.131356716156006,2.2675318717956543
17.71314787864685,3.134866714477539,2.270038604736328
17.732673406600952,3.1383752822875977,2.272576332092285
17.751726150512695,3.1413843631744385,2.275083303451538
17.770775079727173,3.1448988914489746,2.2775886058807373
17.788822889328003,3.148406505584717,2.280066967010498
17.807875394821167,3.1519203186035156,2.2825734615325928
17.826924085617065,3.1549246311187744,2.285078287124634
17.846477031707764,3.1584057807922363,2.2875852584838867
17.867061853408813,3.1614134311676025,2.2900917530059814
17.887611627578735,3.164921522140503,2.2920970916748047
17.914156675338745,3.167929172515869,2.2946035861968994
17.932706117630005,3.1709370613098145,2.296609401702881
17.951786279678345,3.174476146697998,2.2991182804107666
17.97130823135376,3.1784589290618896,2.3016269207000732
17.9898579120636,3.181467294692993,2.304159641265869
18.00843858718872,3.184974431991577,2.3071627616882324
18.02745819091797,3.1879825592041016,2.310145378112793
18.05206608772278,3.190990447998047,2.312652111053467
18.076087474822998,3.1945290565490723,2.3151872158050537
18.095139980316162,3.1980092525482178,2.3176958560943604
18.11418867111206,3.2015209197998047,2.320173978805542
18.13323950767517,3.2050299644470215,2.322678565979004
18.152793407440186,3.208562135696411,2.3251850605010986
18.1723690032959,3.211570978164673,2.327190399169922
18.190893173217773,3.2150793075561523,2.3296971321105957
18.209945678710938,3.218092918395996,2.3322038650512695
18.228492975234985,3.221602201461792,2.336216926574707
18.248075008392334,3.225080966949463,2.338723659515381
18.267598628997803,3.228616237640381,2.340728759765625
18.28614640235901,3.232102155685425,2.3432350158691406
18.30519700050354,3.23563551902771,2.3457398414611816
18.32324504852295,3.2396504878997803,2.3482465744018555
18.34229564666748,3.242659330368042,2.350254535675049
18.361348390579224,3.2461671829223633,2.3527605533599854
18.38089895248413,3.2496464252471924,2.3552658557891846
18.402455806732178,3.252654790878296,2.3583009243011475
18.42050576210022,3.255662441253662,2.360805034637451
18.439584970474243,3.259171962738037,2.363311767578125
18.45863151550293,3.2621798515319824,2.365795373916626
18.477156400680542,3.2657203674316406,2.36780047416687
18.49620747566223,3.2691988945007324,2.3703079223632812
18.515263080596924,3.2722067832946777,2.372838020324707
18.534336805343628,3.2757458686828613,2.3753440380096436
18.55285620689392,3.2792251110076904,2.3778512477874756
18.572408437728882,3.282233715057373,2.380356788635254
18.592461585998535,3.2862446308135986,2.382838249206543
18.61153745651245,3.2897789478302,2.385345220565796
18.6305890083313,3.292788028717041,2.387352705001831
18.650645971298218,3.296297311782837,2.389866352081299
18.67118263244629,3.2997798919677734,2.3928675651550293
18.690722942352295,3.3032917976379395,2.3948726654052734
18.710275173187256,3.3078033924102783,2.3973770141601562
18.72935152053833,3.3108091354370117,2.3998842239379883
18.74988031387329,3.3138175010681152,2.4018893241882324
18.768930912017822,3.317352771759033,2.4043960571289062
18.787010669708252,3.321364641189575,2.406902551651001
18.807034254074097,3.32487154006958,2.4094090461730957
18.82608461380005,3.328381299972534,2.4119179248809814
18.844634532928467,3.3318655490875244,2.4154632091522217
18.86421489715576,3.3348731994628906,2.4179701805114746
18.884238481521606,3.3384084701538086,2.4204788208007812
18.903791666030884,3.341916799545288,2.422945976257324
18.922341108322144,3.3449244499206543,2.425992012023926
18.941415786743164,3.348409414291382,2.4284963607788086
18.960942029953003,3.3519339561462402,2.430501699447632
18.981029510498047,3.354928731918335,2.4330079555511475
19.001596212387085,3.3579347133636475,2.435518741607666
19.02110242843628,3.3614461421966553,2.4384944438934326
19.04118514060974,3.3644540309906006,2.4410293102264404
19.06223750114441,3.367462158203125,2.4435384273529053
19.083799362182617,3.3704702854156494,2.4460439682006836
19.102859258651733,3.3739774227142334,2.4485132694244385
19.121870040893555,3.3774893283843994,2.450518846511841
19.141422510147095,3.3804967403411865,2.4530251026153564
19.160974979400635,3.383502960205078,2.4555633068084717
19.180025339126587,3.387012243270874,2.458069086074829
19.19857430458069,3.3900201320648193,2.4605753421783447
19.21712613105774,3.3935539722442627,2.463083267211914
19.23617696762085,3.397040843963623,2.4655892848968506
19.256731510162354,3.4000489711761475,2.4680676460266113
19.275781869888306,3.4035565853118896,2.4700727462768555
19.295833349227905,3.406564235687256,2.4725773334503174
19.31689167022705,3.4105770587921143,2.4750843048095703
19.338950395584106,3.4135849475860596,2.477591037750244
19.360005855560303,3.4170925617218018,2.479595899581909
19.37855339050293,3.4206013679504395,2.482103109359741
19.397606372833252,3.4241108894348145,2.4851107597351074
19.417659759521484,3.4271440505981445,2.487619638442993
19.436708450317383,3.4306535720825195,2.489624500274658
19.454756259918213,3.433666706085205,2.492131471633911
19.474308490753174,3.4376771450042725,2.494636058807373
19.493885040283203,3.441657543182373,2.4966416358947754
19.512409925460815,3.444690704345703,2.499150276184082
19.5314621925354,3.448200225830078,2.501657009124756
19.55001163482666,3.451212167739868,2.5041861534118652
19.56856083869934,3.4546923637390137,2.506692886352539
